0,1,2,3,4,5,6
Deck A,Deck B,Different,Same,Jaccard,,
4-c Control,Antiquities War,12.0,4.0,0.25,"{""source"": ""4-c Control"", ""target"": ""Antiquities War"", ""value"":0.25},","{""source"": ""4-c Control"", ""target"": ""Antiquities War"", ""value"":0.0625},"
4-c Control,Arclight Phoenix,10.2,7.5,0.4237288135593221,"{""source"": ""4-c Control"", ""target"": ""Arclight Phoenix"", ""value"":0.4237288135593221},","{""source"": ""4-c Control"", ""target"": ""Arclight Phoenix"", ""value"":0.17954610744039076},"
4-c Control,BUG Midrange,4.5,12.0,0.7272727272727273,"{""source"": ""4-c Control"", ""target"": ""BUG Midrange"", ""value"":0.7272727272727273},","{""source"": ""4-c Control"", ""target"": ""BUG Midrange"", ""value"":0.5289256198347108},"
4-c Control,Canadian Threshold,10.75,7.75,0.4189189189189189,"{""source"": ""4-c Control"", ""target"": ""Canadian Threshold"", ""value"":0.4189189189189189},","{""source"": ""4-c Control"", ""target"": ""Canadian Threshold"", ""value"":0.17549306062819575},"
4-c Control,Dark Depths,17.666666665999998,1.611111111,0.08357348702930846,"{""source"": ""4-c Control"", ""target"": ""Dark Depths"", ""value"":0.08357348702930846},","{""source"": ""4-c Control"", ""target"": ""Dark Depths"", ""value"":0.00698452773423799},"
4-c Control,Death's Shadow,10.8,5.2,0.325,"{""source"": ""4-c Control"", ""target"": ""Death's Shadow"", ""value"":0.325},","{""source"": ""4-c Control"", ""target"": ""Death's Shadow"", ""value"":0.10562500000000001},"
4-c Control,Delver (Other),9.0,8.0,0.47058823529411764,"{""source"": ""4-c Control"", ""target"": ""Delver (Other)"", ""value"":0.47058823529411764},","{""source"": ""4-c Control"", ""target"": ""Delver (Other)"", ""value"":0.22145328719723184},"
4-c Control,Doomsday,16.0,4.0,0.2,"{""source"": ""4-c Control"", ""target"": ""Doomsday"", ""value"":0.2},","{""source"": ""4-c Control"", ""target"": ""Doomsday"", ""value"":0.04000000000000001},"
4-c Control,Dredge,16.0,2.0,0.1111111111111111,"{""source"": ""4-c Control"", ""target"": ""Dredge"", ""value"":0.1111111111111111},","{""source"": ""4-c Control"", ""target"": ""Dredge"", ""value"":0.012345679012345678},"
4-c Control,Elves,19.666666667,1.333333333,0.06349206347619048,"{""source"": ""4-c Control"", ""target"": ""Elves"", ""value"":0.06349206347619048},","{""source"": ""4-c Control"", ""target"": ""Elves"", ""value"":0.004031242124464601},"
4-c Control,Food Chain,7.0,9.0,0.5625,"{""source"": ""4-c Control"", ""target"": ""Food Chain"", ""value"":0.5625},","{""source"": ""4-c Control"", ""target"": ""Food Chain"", ""value"":0.31640625},"
4-c Control,Grixis Control,7.5,12.0,0.6153846153846154,"{""source"": ""4-c Control"", ""target"": ""Grixis Control"", ""value"":0.6153846153846154},","{""source"": ""4-c Control"", ""target"": ""Grixis Control"", ""value"":0.37869822485207105},"
4-c Control,Grixis Delver,9.25,9.5,0.5066666666666667,"{""source"": ""4-c Control"", ""target"": ""Grixis Delver"", ""value"":0.5066666666666667},","{""source"": ""4-c Control"", ""target"": ""Grixis Delver"", ""value"":0.25671111111111117},"
4-c Control,Infect,11.0,6.0,0.35294117647058826,"{""source"": ""4-c Control"", ""target"": ""Infect"", ""value"":0.35294117647058826},","{""source"": ""4-c Control"", ""target"": ""Infect"", ""value"":0.12456747404844293},"
4-c Control,Junk,18.0,1.5,0.07692307692307693,"{""source"": ""4-c Control"", ""target"": ""Junk"", ""value"":0.07692307692307693},","{""source"": ""4-c Control"", ""target"": ""Junk"", ""value"":0.00591715976331361},"
4-c Control,Legacy Landstill,15.0,7.5,0.3333333333333333,"{""source"": ""4-c Control"", ""target"": ""Legacy Landstill"", ""value"":0.3333333333333333},","{""source"": ""4-c Control"", ""target"": ""Legacy Landstill"", ""value"":0.1111111111111111},"
4-c Control,LOAM,22.0,2.166666667,0.08965517242634957,"{""source"": ""4-c Control"", ""target"": ""LOAM"", ""value"":0.08965517242634957},","{""source"": ""4-c Control"", ""target"": ""LOAM"", ""value"":0.008038049942798473},"
4-c Control,Merfolk,12.0,4.0,0.25,"{""source"": ""4-c Control"", ""target"": ""Merfolk"", ""value"":0.25},","{""source"": ""4-c Control"", ""target"": ""Merfolk"", ""value"":0.0625},"
4-c Control,Nic Fit,16.333333334,1.8333333330000001,0.10091743117246023,"{""source"": ""4-c Control"", ""target"": ""Nic Fit"", ""value"":0.10091743117246023},","{""source"": ""4-c Control"", ""target"": ""Nic Fit"", ""value"":0.010184327914448248},"
4-c Control,Painter,15.0,4.0,0.21052631578947367,"{""source"": ""4-c Control"", ""target"": ""Painter"", ""value"":0.21052631578947367},","{""source"": ""4-c Control"", ""target"": ""Painter"", ""value"":0.04432132963988919},"
4-c Control,Reanimator,16.0,1.5,0.08571428571428572,"{""source"": ""4-c Control"", ""target"": ""Reanimator"", ""value"":0.08571428571428572},","{""source"": ""4-c Control"", ""target"": ""Reanimator"", ""value"":0.007346938775510205},"
4-c Control,Slivers,12.0,4.0,0.25,"{""source"": ""4-c Control"", ""target"": ""Slivers"", ""value"":0.25},","{""source"": ""4-c Control"", ""target"": ""Slivers"", ""value"":0.0625},"
4-c Control,Sneak & Show,12.923076922,7.230769231,0.3587786259807121,"{""source"": ""4-c Control"", ""target"": ""Sneak & Show"", ""value"":0.3587786259807121},","{""source"": ""4-c Control"", ""target"": ""Sneak & Show"", ""value"":0.1287221024606077},"
4-c Control,Stoneblade,11.100000000000001,7.4,0.4,"{""source"": ""4-c Control"", ""target"": ""Stoneblade"", ""value"":0.4},","{""source"": ""4-c Control"", ""target"": ""Stoneblade"", ""value"":0.16000000000000003},"
4-c Control,Storm,16.0,4.111111111,0.20441988949836695,"{""source"": ""4-c Control"", ""target"": ""Storm"", ""value"":0.20441988949836695},","{""source"": ""4-c Control"", ""target"": ""Storm"", ""value"":0.04178749122252456},"
4-c Control,UR Delver,12.100000000000001,7.3,0.37628865979381443,"{""source"": ""4-c Control"", ""target"": ""UR Delver"", ""value"":0.37628865979381443},","{""source"": ""4-c Control"", ""target"": ""UR Delver"", ""value"":0.14159315548942503},"
4-c Control,UWx Control,10.5625,7.875,0.4271186440677966,"{""source"": ""4-c Control"", ""target"": ""UWx Control"", ""value"":0.4271186440677966},","{""source"": ""4-c Control"", ""target"": ""UWx Control"", ""value"":0.18243033611031312},"
4-c Control,Zombie Bombardment,15.0,3.5,0.1891891891891892,"{""source"": ""4-c Control"", ""target"": ""Zombie Bombardment"", ""value"":0.1891891891891892},","{""source"": ""4-c Control"", ""target"": ""Zombie Bombardment"", ""value"":0.03579254930606282},"
Antiquities War,Arclight Phoenix,10.8,1.2,0.09999999999999999,"{""source"": ""Antiquities War"", ""target"": ""Arclight Phoenix"", ""value"":0.09999999999999999},","{""source"": ""Antiquities War"", ""target"": ""Arclight Phoenix"", ""value"":0.009999999999999998},"
Antiquities War,BUG Midrange,8.5,4.0,0.32,"{""source"": ""Antiquities War"", ""target"": ""BUG Midrange"", ""value"":0.32},","{""source"": ""Antiquities War"", ""target"": ""BUG Midrange"", ""value"":0.1024},"
Antiquities War,Canadian Threshold,6.25,4.0,0.3902439024390244,"{""source"": ""Antiquities War"", ""target"": ""Canadian Threshold"", ""value"":0.3902439024390244},","{""source"": ""Antiquities War"", ""target"": ""Canadian Threshold"", ""value"":0.1522903033908388},"
Antiquities War,Death's Shadow,1.2,4.0,0.7692307692307694,"{""source"": ""Antiquities War"", ""target"": ""Death's Shadow"", ""value"":0.7692307692307694},","{""source"": ""Antiquities War"", ""target"": ""Death's Shadow"", ""value"":0.5917159763313612},"
Antiquities War,Delver (Other),5.0,4.0,0.4444444444444444,"{""source"": ""Antiquities War"", ""target"": ""Delver (Other)"", ""value"":0.4444444444444444},","{""source"": ""Antiquities War"", ""target"": ""Delver (Other)"", ""value"":0.19753086419753085},"
Antiquities War,Dredge,4.0,2.0,0.3333333333333333,"{""source"": ""Antiquities War"", ""target"": ""Dredge"", ""value"":0.3333333333333333},","{""source"": ""Antiquities War"", ""target"": ""Dredge"", ""value"":0.1111111111111111},"
Antiquities War,Food Chain,5.0,4.0,0.4444444444444444,"{""source"": ""Antiquities War"", ""target"": ""Food Chain"", ""value"":0.4444444444444444},","{""source"": ""Antiquities War"", ""target"": ""Food Chain"", ""value"":0.19753086419753085},"
Antiquities War,Grixis Control,12.5,3.5,0.21875,"{""source"": ""Antiquities War"", ""target"": ""Grixis Control"", ""value"":0.21875},","{""source"": ""Antiquities War"", ""target"": ""Grixis Control"", ""value"":0.0478515625},"
Antiquities War,Grixis Delver,8.25,4.0,0.32653061224489793,"{""source"": ""Antiquities War"", ""target"": ""Grixis Delver"", ""value"":0.32653061224489793},","{""source"": ""Antiquities War"", ""target"": ""Grixis Delver"", ""value"":0.10662224073302788},"
Antiquities War,Infect,7.0,2.0,0.2222222222222222,"{""source"": ""Antiquities War"", ""target"": ""Infect"", ""value"":0.2222222222222222},","{""source"": ""Antiquities War"", ""target"": ""Infect"", ""value"":0.04938271604938271},"
Antiquities War,Legacy Landstill,10.0,4.0,0.2857142857142857,"{""source"": ""Antiquities War"", ""target"": ""Legacy Landstill"", ""value"":0.2857142857142857},","{""source"": ""Antiquities War"", ""target"": ""Legacy Landstill"", ""value"":0.08163265306122448},"
Antiquities War,Merfolk,0.0,4.0,1.0,"{""source"": ""Antiquities War"", ""target"": ""Merfolk"", ""value"":1.0},","{""source"": ""Antiquities War"", ""target"": ""Merfolk"", ""value"":1.0},"
Antiquities War,Painter,3.0,4.0,0.5714285714285714,"{""source"": ""Antiquities War"", ""target"": ""Painter"", ""value"":0.5714285714285714},","{""source"": ""Antiquities War"", ""target"": ""Painter"", ""value"":0.32653061224489793},"
Antiquities War,Slivers,0.0,4.0,1.0,"{""source"": ""Antiquities War"", ""target"": ""Slivers"", ""value"":1.0},","{""source"": ""Antiquities War"", ""target"": ""Slivers"", ""value"":1.0},"
Antiquities War,Sneak & Show,7.384615384,4.0,0.35135135137034335,"{""source"": ""Antiquities War"", ""target"": ""Sneak & Show"", ""value"":0.35135135137034335},","{""source"": ""Antiquities War"", ""target"": ""Sneak & Show"", ""value"":0.12344777210976647},"
Antiquities War,Stoneblade,5.8999999999999995,4.0,0.4040404040404041,"{""source"": ""Antiquities War"", ""target"": ""Stoneblade"", ""value"":0.4040404040404041},","{""source"": ""Antiquities War"", ""target"": ""Stoneblade"", ""value"":0.163248648097133},"
Antiquities War,UR Delver,6.7,4.0,0.3738317757009346,"{""source"": ""Antiquities War"", ""target"": ""UR Delver"", ""value"":0.3738317757009346},","{""source"": ""Antiquities War"", ""target"": ""UR Delver"", ""value"":0.1397501965237139},"
Antiquities War,UWx Control,6.3125,4.0,0.3878787878787879,"{""source"": ""Antiquities War"", ""target"": ""UWx Control"", ""value"":0.3878787878787879},","{""source"": ""Antiquities War"", ""target"": ""UWx Control"", ""value"":0.15044995408631773},"
Arclight Phoenix,Belcher,12.200000000000001,1.0,0.07575757575757576,"{""source"": ""Arclight Phoenix"", ""target"": ""Belcher"", ""value"":0.07575757575757576},","{""source"": ""Arclight Phoenix"", ""target"": ""Belcher"", ""value"":0.005739210284664831},"
Arclight Phoenix,BUG Midrange,11.899999999999997,4.9,0.29166666666666674,"{""source"": ""Arclight Phoenix"", ""target"": ""BUG Midrange"", ""value"":0.29166666666666674},","{""source"": ""Arclight Phoenix"", ""target"": ""BUG Midrange"", ""value"":0.08506944444444449},"
Arclight Phoenix,Canadian Threshold,12.95,3.25,0.2006172839506173,"{""source"": ""Arclight Phoenix"", ""target"": ""Canadian Threshold"", ""value"":0.2006172839506173},","{""source"": ""Arclight Phoenix"", ""target"": ""Canadian Threshold"", ""value"":0.0402472946197226},"
Arclight Phoenix,Death's Shadow,9.6,2.4,0.2,"{""source"": ""Arclight Phoenix"", ""target"": ""Death's Shadow"", ""value"":0.2},","{""source"": ""Arclight Phoenix"", ""target"": ""Death's Shadow"", ""value"":0.04000000000000001},"
Arclight Phoenix,Delver (Other),8.200000000000001,5.0,0.3787878787878788,"{""source"": ""Arclight Phoenix"", ""target"": ""Delver (Other)"", ""value"":0.3787878787878788},","{""source"": ""Arclight Phoenix"", ""target"": ""Delver (Other)"", ""value"":0.14348025711662074},"
Arclight Phoenix,Doomsday,8.8,4.2,0.3230769230769231,"{""source"": ""Arclight Phoenix"", ""target"": ""Doomsday"", ""value"":0.3230769230769231},","{""source"": ""Arclight Phoenix"", ""target"": ""Doomsday"", ""value"":0.10437869822485209},"
Arclight Phoenix,Dredge,9.200000000000001,2.0,0.17857142857142858,"{""source"": ""Arclight Phoenix"", ""target"": ""Dredge"", ""value"":0.17857142857142858},","{""source"": ""Arclight Phoenix"", ""target"": ""Dredge"", ""value"":0.03188775510204082},"
Arclight Phoenix,Food Chain,9.4,4.4,0.31884057971014496,"{""source"": ""Arclight Phoenix"", ""target"": ""Food Chain"", ""value"":0.31884057971014496},","{""source"": ""Arclight Phoenix"", ""target"": ""Food Chain"", ""value"":0.1016593152699013},"
Arclight Phoenix,Grixis Control,11.9,6.4,0.3497267759562842,"{""source"": ""Arclight Phoenix"", ""target"": ""Grixis Control"", ""value"":0.3497267759562842},","{""source"": ""Arclight Phoenix"", ""target"": ""Grixis Control"", ""value"":0.12230881782077702},"
Arclight Phoenix,Grixis Delver,9.45,6.0,0.3883495145631068,"{""source"": ""Arclight Phoenix"", ""target"": ""Grixis Delver"", ""value"":0.3883495145631068},","{""source"": ""Arclight Phoenix"", ""target"": ""Grixis Delver"", ""value"":0.15081534546140068},"
Arclight Phoenix,Infect,8.6,3.8000000000000003,0.30645161290322587,"{""source"": ""Arclight Phoenix"", ""target"": ""Infect"", ""value"":0.30645161290322587},","{""source"": ""Arclight Phoenix"", ""target"": ""Infect"", ""value"":0.09391259105098859},"
Arclight Phoenix,Legacy Landstill,17.599999999999998,2.8,0.13725490196078433,"{""source"": ""Arclight Phoenix"", ""target"": ""Legacy Landstill"", ""value"":0.13725490196078433},","{""source"": ""Arclight Phoenix"", ""target"": ""Legacy Landstill"", ""value"":0.01883890811226452},"
Arclight Phoenix,LOAM,17.133333334,1.2,0.06545454545216528,"{""source"": ""Arclight Phoenix"", ""target"": ""LOAM"", ""value"":0.06545454545216528},","{""source"": ""Arclight Phoenix"", ""target"": ""LOAM"", ""value"":0.004284297520349571},"
Arclight Phoenix,Merfolk,10.8,1.2,0.09999999999999999,"{""source"": ""Arclight Phoenix"", ""target"": ""Merfolk"", ""value"":0.09999999999999999},","{""source"": ""Arclight Phoenix"", ""target"": ""Merfolk"", ""value"":0.009999999999999998},"
Arclight Phoenix,Painter,13.799999999999999,1.2,0.08,"{""source"": ""Arclight Phoenix"", ""target"": ""Painter"", ""value"":0.08},","{""source"": ""Arclight Phoenix"", ""target"": ""Painter"", ""value"":0.0064},"
Arclight Phoenix,Reanimator,9.866666666,1.1666666669999999,0.10574018130228821,"{""source"": ""Arclight Phoenix"", ""target"": ""Reanimator"", ""value"":0.10574018130228821},","{""source"": ""Arclight Phoenix"", ""target"": ""Reanimator"", ""value"":0.011180985941840782},"
Arclight Phoenix,Slivers,10.8,1.2,0.09999999999999999,"{""source"": ""Arclight Phoenix"", ""target"": ""Slivers"", ""value"":0.09999999999999999},","{""source"": ""Arclight Phoenix"", ""target"": ""Slivers"", ""value"":0.009999999999999998},"
Arclight Phoenix,Sneak & Show,13.476923075999999,3.553846154,0.20867208673932575,"{""source"": ""Arclight Phoenix"", ""target"": ""Sneak & Show"", ""value"":0.20867208673932575},","{""source"": ""Arclight Phoenix"", ""target"": ""Sneak & Show"", ""value"":0.043544039784144686},"
Arclight Phoenix,Stoneblade,12.9,3.1,0.19375,"{""source"": ""Arclight Phoenix"", ""target"": ""Stoneblade"", ""value"":0.19375},","{""source"": ""Arclight Phoenix"", ""target"": ""Stoneblade"", ""value"":0.037539062500000005},"
Arclight Phoenix,Storm,8.444444444000002,4.488888889,0.34707903781822375,"{""source"": ""Arclight Phoenix"", ""target"": ""Storm"", ""value"":0.34707903781822375},","{""source"": ""Arclight Phoenix"", ""target"": ""Storm"", ""value"":0.12046385849282398},"
Arclight Phoenix,UR Delver,12.5,3.6999999999999997,0.22839506172839505,"{""source"": ""Arclight Phoenix"", ""target"": ""UR Delver"", ""value"":0.22839506172839505},","{""source"": ""Arclight Phoenix"", ""target"": ""UR Delver"", ""value"":0.05216430422191738},"
Arclight Phoenix,UWx Control,12.5625,3.475,0.21667965705378023,"{""source"": ""Arclight Phoenix"", ""target"": ""UWx Control"", ""value"":0.21667965705378023},","{""source"": ""Arclight Phoenix"", ""target"": ""UWx Control"", ""value"":0.04695007378094381},"
Arclight Phoenix,Zombie Bombardment,11.600000000000001,1.8,0.13432835820895525,"{""source"": ""Arclight Phoenix"", ""target"": ""Zombie Bombardment"", ""value"":0.13432835820895525},","{""source"": ""Arclight Phoenix"", ""target"": ""Zombie Bombardment"", ""value"":0.018044107819113395},"
Belcher,Bomberman,5.0,4.0,0.4444444444444444,"{""source"": ""Belcher"", ""target"": ""Bomberman"", ""value"":0.4444444444444444},","{""source"": ""Belcher"", ""target"": ""Bomberman"", ""value"":0.19753086419753085},"
Belcher,Doomsday,5.0,4.0,0.4444444444444444,"{""source"": ""Belcher"", ""target"": ""Doomsday"", ""value"":0.4444444444444444},","{""source"": ""Belcher"", ""target"": ""Doomsday"", ""value"":0.19753086419753085},"
Belcher,Dredge,5.0,2.0,0.2857142857142857,"{""source"": ""Belcher"", ""target"": ""Dredge"", ""value"":0.2857142857142857},","{""source"": ""Belcher"", ""target"": ""Dredge"", ""value"":0.08163265306122448},"
Belcher,Lands,10.714285714999999,1.0,0.08536585365333135,"{""source"": ""Belcher"", ""target"": ""Lands"", ""value"":0.08536585365333135},","{""source"": ""Belcher"", ""target"": ""Lands"", ""value"":0.007287328969961986},"
Belcher,Storm,5.222222222,4.0,0.43373493976948757,"{""source"": ""Belcher"", ""target"": ""Storm"", ""value"":0.43373493976948757},","{""source"": ""Belcher"", ""target"": ""Storm"", ""value"":0.18812599797684101},"
Bomberman,Cloudpost Ramp,11.999999999999998,1.0,0.07692307692307693,"{""source"": ""Bomberman"", ""target"": ""Cloudpost Ramp"", ""value"":0.07692307692307693},","{""source"": ""Bomberman"", ""target"": ""Cloudpost Ramp"", ""value"":0.00591715976331361},"
Bomberman,Doomsday,8.0,4.0,0.3333333333333333,"{""source"": ""Bomberman"", ""target"": ""Doomsday"", ""value"":0.3333333333333333},","{""source"": ""Bomberman"", ""target"": ""Doomsday"", ""value"":0.1111111111111111},"
Bomberman,Dragon Stompy,4.0,4.0,0.5,"{""source"": ""Bomberman"", ""target"": ""Dragon Stompy"", ""value"":0.5},","{""source"": ""Bomberman"", ""target"": ""Dragon Stompy"", ""value"":0.25},"
Bomberman,Dredge,8.0,2.0,0.2,"{""source"": ""Bomberman"", ""target"": ""Dredge"", ""value"":0.2},","{""source"": ""Bomberman"", ""target"": ""Dredge"", ""value"":0.04000000000000001},"
Bomberman,Eldrazi Aggro,8.6,1.8,0.1730769230769231,"{""source"": ""Bomberman"", ""target"": ""Eldrazi Aggro"", ""value"":0.1730769230769231},","{""source"": ""Bomberman"", ""target"": ""Eldrazi Aggro"", ""value"":0.029955621301775155},"
Bomberman,MUD,8.0,4.0,0.3333333333333333,"{""source"": ""Bomberman"", ""target"": ""MUD"", ""value"":0.3333333333333333},","{""source"": ""Bomberman"", ""target"": ""MUD"", ""value"":0.1111111111111111},"
Bomberman,Painter,9.0,3.0,0.25,"{""source"": ""Bomberman"", ""target"": ""Painter"", ""value"":0.25},","{""source"": ""Bomberman"", ""target"": ""Painter"", ""value"":0.0625},"
Bomberman,Sneak & Show,16.153846154,1.615384615,0.09090909088862652,"{""source"": ""Bomberman"", ""target"": ""Sneak & Show"", ""value"":0.09090909088862652},","{""source"": ""Bomberman"", ""target"": ""Sneak & Show"", ""value"":0.008264462806196558},"
Bomberman,Storm,8.222222222,4.0,0.32727272727867773,"{""source"": ""Bomberman"", ""target"": ""Storm"", ""value"":0.32727272727867773},","{""source"": ""Bomberman"", ""target"": ""Storm"", ""value"":0.10710743802042377},"
BUG Midrange,Canadian Threshold,10.75,6.0,0.3582089552238806,"{""source"": ""BUG Midrange"", ""target"": ""Canadian Threshold"", ""value"":0.3582089552238806},","{""source"": ""BUG Midrange"", ""target"": ""Canadian Threshold"", ""value"":0.1283136556025841},"
BUG Midrange,Dark Depths,13.388888887999999,2.0,0.12996389892447446,"{""source"": ""BUG Midrange"", ""target"": ""Dark Depths"", ""value"":0.12996389892447446},","{""source"": ""BUG Midrange"", ""target"": ""Dark Depths"", ""value"":0.016890615023651016},"
BUG Midrange,Death's Shadow,7.3,5.2,0.41600000000000004,"{""source"": ""BUG Midrange"", ""target"": ""Death's Shadow"", ""value"":0.41600000000000004},","{""source"": ""BUG Midrange"", ""target"": ""Death's Shadow"", ""value"":0.17305600000000004},"
BUG Midrange,Delver (Other),5.5,8.0,0.5925925925925926,"{""source"": ""BUG Midrange"", ""target"": ""Delver (Other)"", ""value"":0.5925925925925926},","{""source"": ""BUG Midrange"", ""target"": ""Delver (Other)"", ""value"":0.3511659807956104},"
BUG Midrange,Doomsday,16.5,2.0,0.10810810810810811,"{""source"": ""BUG Midrange"", ""target"": ""Doomsday"", ""value"":0.10810810810810811},","{""source"": ""BUG Midrange"", ""target"": ""Doomsday"", ""value"":0.011687363038714392},"
BUG Midrange,Dredge,12.5,2.0,0.13793103448275862,"{""source"": ""BUG Midrange"", ""target"": ""Dredge"", ""value"":0.13793103448275862},","{""source"": ""BUG Midrange"", ""target"": ""Dredge"", ""value"":0.019024970273483946},"
BUG Midrange,Elves,16.166666667,1.333333333,0.07619047617142856,"{""source"": ""BUG Midrange"", ""target"": ""Elves"", ""value"":0.07619047617142856},","{""source"": ""BUG Midrange"", ""target"": ""Elves"", ""value"":0.0058049886592290234},"
BUG Midrange,Food Chain,3.5,9.0,0.72,"{""source"": ""BUG Midrange"", ""target"": ""Food Chain"", ""value"":0.72},","{""source"": ""BUG Midrange"", ""target"": ""Food Chain"", ""value"":0.5184},"
BUG Midrange,Grixis Control,12.0,8.0,0.4,"{""source"": ""BUG Midrange"", ""target"": ""Grixis Control"", ""value"":0.4},","{""source"": ""BUG Midrange"", ""target"": ""Grixis Control"", ""value"":0.16000000000000003},"
BUG Midrange,Grixis Delver,11.75,6.5,0.3561643835616438,"{""source"": ""BUG Midrange"", ""target"": ""Grixis Delver"", ""value"":0.3561643835616438},","{""source"": ""BUG Midrange"", ""target"": ""Grixis Delver"", ""value"":0.12685306811784575},"
BUG Midrange,Infect,7.5,6.0,0.4444444444444444,"{""source"": ""BUG Midrange"", ""target"": ""Infect"", ""value"":0.4444444444444444},","{""source"": ""BUG Midrange"", ""target"": ""Infect"", ""value"":0.19753086419753085},"
BUG Midrange,Junk,13.5,2.0,0.12903225806451613,"{""source"": ""BUG Midrange"", ""target"": ""Junk"", ""value"":0.12903225806451613},","{""source"": ""BUG Midrange"", ""target"": ""Junk"", ""value"":0.016649323621227886},"
BUG Midrange,Legacy Landstill,14.5,6.0,0.2926829268292683,"{""source"": ""BUG Midrange"", ""target"": ""Legacy Landstill"", ""value"":0.2926829268292683},","{""source"": ""BUG Midrange"", ""target"": ""Legacy Landstill"", ""value"":0.0856632956573468},"
BUG Midrange,LOAM,18.833333334,2.0,0.09599999999692799,"{""source"": ""BUG Midrange"", ""target"": ""LOAM"", ""value"":0.09599999999692799},","{""source"": ""BUG Midrange"", ""target"": ""LOAM"", ""value"":0.009215999999410173},"
BUG Midrange,Merfolk,8.5,4.0,0.32,"{""source"": ""BUG Midrange"", ""target"": ""Merfolk"", ""value"":0.32},","{""source"": ""BUG Midrange"", ""target"": ""Merfolk"", ""value"":0.1024},"
BUG Midrange,Nic Fit,11.833333334,2.333333333,0.16470588232553635,"{""source"": ""BUG Midrange"", ""target"": ""Nic Fit"", ""value"":0.16470588232553635},","{""source"": ""BUG Midrange"", ""target"": ""Nic Fit"", ""value"":0.027128027672633427},"
BUG Midrange,Painter,11.5,4.0,0.25806451612903225,"{""source"": ""BUG Midrange"", ""target"": ""Painter"", ""value"":0.25806451612903225},","{""source"": ""BUG Midrange"", ""target"": ""Painter"", ""value"":0.06659729448491154},"
BUG Midrange,Slivers,8.5,4.0,0.32,"{""source"": ""BUG Midrange"", ""target"": ""Slivers"", ""value"":0.32},","{""source"": ""BUG Midrange"", ""target"": ""Slivers"", ""value"":0.1024},"
BUG Midrange,Sneak & Show,15.423076922,4.230769231,0.21526418788793703,"{""source"": ""BUG Midrange"", ""target"": ""Sneak & Show"", ""value"":0.21526418788793703},","{""source"": ""BUG Midrange"", ""target"": ""Sneak & Show"", ""value"":0.04633867058705305},"
BUG Midrange,Stoneblade,10.0,6.2,0.3827160493827161,"{""source"": ""BUG Midrange"", ""target"": ""Stoneblade"", ""value"":0.3827160493827161},","{""source"": ""BUG Midrange"", ""target"": ""Stoneblade"", ""value"":0.14647157445511358},"
BUG Midrange,Storm,15.388888888,2.6666666670000003,0.14769230771531364,"{""source"": ""BUG Midrange"", ""target"": ""Storm"", ""value"":0.14769230771531364},","{""source"": ""BUG Midrange"", ""target"": ""Storm"", ""value"":0.02181301775827489},"
BUG Midrange,UR Delver,14.600000000000001,4.3,0.22751322751322753,"{""source"": ""BUG Midrange"", ""target"": ""UR Delver"", ""value"":0.22751322751322753},","{""source"": ""BUG Midrange"", ""target"": ""UR Delver"", ""value"":0.05176226869348563},"
BUG Midrange,UWx Control,10.6875,6.0625,0.3619402985074627,"{""source"": ""BUG Midrange"", ""target"": ""UWx Control"", ""value"":0.3619402985074627},","{""source"": ""BUG Midrange"", ""target"": ""UWx Control"", ""value"":0.1310007796836712},"
BUG Midrange,Zombie Bombardment,12.5,3.0,0.1935483870967742,"{""source"": ""BUG Midrange"", ""target"": ""Zombie Bombardment"", ""value"":0.1935483870967742},","{""source"": ""BUG Midrange"", ""target"": ""Zombie Bombardment"", ""value"":0.037460978147762745},"
Canadian Threshold,Death's Shadow,7.45,4.0,0.3493449781659389,"{""source"": ""Canadian Threshold"", ""target"": ""Death's Shadow"", ""value"":0.3493449781659389},","{""source"": ""Canadian Threshold"", ""target"": ""Death's Shadow"", ""value"":0.12204191376976033},"
Canadian Threshold,Delver (Other),9.25,5.0,0.3508771929824561,"{""source"": ""Canadian Threshold"", ""target"": ""Delver (Other)"", ""value"":0.3508771929824561},","{""source"": ""Canadian Threshold"", ""target"": ""Delver (Other)"", ""value"":0.12311480455524776},"
Canadian Threshold,Doomsday,16.25,1.0,0.057971014492753624,"{""source"": ""Canadian Threshold"", ""target"": ""Doomsday"", ""value"":0.057971014492753624},","{""source"": ""Canadian Threshold"", ""target"": ""Doomsday"", ""value"":0.003360638521319051},"
Canadian Threshold,Dredge,10.25,2.0,0.16326530612244897,"{""source"": ""Canadian Threshold"", ""target"": ""Dredge"", ""value"":0.16326530612244897},","{""source"": ""Canadian Threshold"", ""target"": ""Dredge"", ""value"":0.02665556018325697},"
Canadian Threshold,Food Chain,7.25,6.0,0.4528301886792453,"{""source"": ""Canadian Threshold"", ""target"": ""Food Chain"", ""value"":0.4528301886792453},","{""source"": ""Canadian Threshold"", ""target"": ""Food Chain"", ""value"":0.2050551797792809},"
Canadian Threshold,Grixis Control,14.25,5.75,0.2875,"{""source"": ""Canadian Threshold"", ""target"": ""Grixis Control"", ""value"":0.2875},","{""source"": ""Canadian Threshold"", ""target"": ""Grixis Control"", ""value"":0.08265624999999999},"
Canadian Threshold,Grixis Delver,8.0,7.25,0.47540983606557374,"{""source"": ""Canadian Threshold"", ""target"": ""Grixis Delver"", ""value"":0.47540983606557374},","{""source"": ""Canadian Threshold"", ""target"": ""Grixis Delver"", ""value"":0.2260145122278957},"
Canadian Threshold,Infect,9.25,4.0,0.3018867924528302,"{""source"": ""Canadian Threshold"", ""target"": ""Infect"", ""value"":0.3018867924528302},","{""source"": ""Canadian Threshold"", ""target"": ""Infect"", ""value"":0.09113563545745816},"
Canadian Threshold,Legacy Landstill,15.75,4.25,0.2125,"{""source"": ""Canadian Threshold"", ""target"": ""Legacy Landstill"", ""value"":0.2125},","{""source"": ""Canadian Threshold"", ""target"": ""Legacy Landstill"", ""value"":0.045156249999999995},"
Canadian Threshold,Merfolk,6.25,4.0,0.3902439024390244,"{""source"": ""Canadian Threshold"", ""target"": ""Merfolk"", ""value"":0.3902439024390244},","{""source"": ""Canadian Threshold"", ""target"": ""Merfolk"", ""value"":0.1522903033908388},"
Canadian Threshold,Painter,9.25,4.0,0.3018867924528302,"{""source"": ""Canadian Threshold"", ""target"": ""Painter"", ""value"":0.3018867924528302},","{""source"": ""Canadian Threshold"", ""target"": ""Painter"", ""value"":0.09113563545745816},"
Canadian Threshold,Slivers,6.25,4.0,0.3902439024390244,"{""source"": ""Canadian Threshold"", ""target"": ""Slivers"", ""value"":0.3902439024390244},","{""source"": ""Canadian Threshold"", ""target"": ""Slivers"", ""value"":0.1522903033908388},"
Canadian Threshold,Sneak & Show,7.903846154,6.865384615,0.4648437499812215,"{""source"": ""Canadian Threshold"", ""target"": ""Sneak & Show"", ""value"":0.4648437499812215},","{""source"": ""Canadian Threshold"", ""target"": ""Sneak & Show"", ""value"":0.21607971189660438},"
Canadian Threshold,Stoneblade,11.649999999999999,4.25,0.2672955974842767,"{""source"": ""Canadian Threshold"", ""target"": ""Stoneblade"", ""value"":0.2672955974842767},","{""source"": ""Canadian Threshold"", ""target"": ""Stoneblade"", ""value"":0.07144693643447649},"
Canadian Threshold,Storm,16.25,1.111111111,0.0639999999940096,"{""source"": ""Canadian Threshold"", ""target"": ""Storm"", ""value"":0.0639999999940096},","{""source"": ""Canadian Threshold"", ""target"": ""Storm"", ""value"":0.004095999999233229},"
Canadian Threshold,UR Delver,6.45,7.25,0.5291970802919709,"{""source"": ""Canadian Threshold"", ""target"": ""UR Delver"", ""value"":0.5291970802919709},","{""source"": ""Canadian Threshold"", ""target"": ""UR Delver"", ""value"":0.28004954978954666},"
Canadian Threshold,UWx Control,10.6875,4.9375,0.316,"{""source"": ""Canadian Threshold"", ""target"": ""UWx Control"", ""value"":0.316},","{""source"": ""Canadian Threshold"", ""target"": ""UWx Control"", ""value"":0.099856},"
Cloudpost Ramp,Dragon Stompy,7.999999999999999,1.0,0.11111111111111113,"{""source"": ""Cloudpost Ramp"", ""target"": ""Dragon Stompy"", ""value"":0.11111111111111113},","{""source"": ""Cloudpost Ramp"", ""target"": ""Dragon Stompy"", ""value"":0.012345679012345684},"
Cloudpost Ramp,Eldrazi Aggro,5.533333334000001,2.3333333329999997,0.2966101694365843,"{""source"": ""Cloudpost Ramp"", ""target"": ""Eldrazi Aggro"", ""value"":0.2966101694365843},","{""source"": ""Cloudpost Ramp"", ""target"": ""Eldrazi Aggro"", ""value"":0.08797759261319925},"
Cloudpost Ramp,Lands,11.714285715,1.0,0.07865168538883979,"{""source"": ""Cloudpost Ramp"", ""target"": ""Lands"", ""value"":0.07865168538883979},","{""source"": ""Cloudpost Ramp"", ""target"": ""Lands"", ""value"":0.006186087614505035},"
Cloudpost Ramp,MUD,9.333333333999999,2.3333333329999997,0.1999999999657143,"{""source"": ""Cloudpost Ramp"", ""target"": ""MUD"", ""value"":0.1999999999657143},","{""source"": ""Cloudpost Ramp"", ""target"": ""MUD"", ""value"":0.03999999998628572},"
Cloudpost Ramp,Painter,11.0,1.0,0.08333333333333333,"{""source"": ""Cloudpost Ramp"", ""target"": ""Painter"", ""value"":0.08333333333333333},","{""source"": ""Cloudpost Ramp"", ""target"": ""Painter"", ""value"":0.006944444444444444},"
Cloudpost Ramp,Sneak & Show,15.384615384,1.0,0.06103286385205757,"{""source"": ""Cloudpost Ramp"", ""target"": ""Sneak & Show"", ""value"":0.06103286385205757},","{""source"": ""Cloudpost Ramp"", ""target"": ""Sneak & Show"", ""value"":0.0037250104699837958},"
Dark Depths,Elves,8.555555555,1.333333333,0.13483146065256912,"{""source"": ""Dark Depths"", ""target"": ""Elves"", ""value"":0.13483146065256912},","{""source"": ""Dark Depths"", ""target"": ""Elves"", ""value"":0.018179522781705294},"
Dark Depths,Food Chain,11.888888887999999,1.0,0.0775862069019025,"{""source"": ""Dark Depths"", ""target"": ""Food Chain"", ""value"":0.0775862069019025},","{""source"": ""Dark Depths"", ""target"": ""Food Chain"", ""value"":0.006019619501424823},"
Dark Depths,Infect,9.888888888,1.0,0.09183673470137443,"{""source"": ""Dark Depths"", ""target"": ""Infect"", ""value"":0.09183673470137443},","{""source"": ""Dark Depths"", ""target"": ""Infect"", ""value"":0.008433985840610631},"
Dark Depths,Junk,5.888888887999999,2.0,0.2535211267891292,"{""source"": ""Dark Depths"", ""target"": ""Junk"", ""value"":0.2535211267891292},","{""source"": ""Dark Depths"", ""target"": ""Junk"", ""value"":0.06427296172842972},"
Dark Depths,Lands,7.3650793650000015,2.6190476190000003,0.2623211446726528,"{""source"": ""Dark Depths"", ""target"": ""Lands"", ""value"":0.2623211446726528},","{""source"": ""Dark Depths"", ""target"": ""Lands"", ""value"":0.06881238294237083},"
Dark Depths,LOAM,5.6666666679999995,4.777777776999999,0.45744680841183766,"{""source"": ""Dark Depths"", ""target"": ""LOAM"", ""value"":0.45744680841183766},","{""source"": ""Dark Depths"", ""target"": ""LOAM"", ""value"":0.20925758252617652},"
Dark Depths,Nic Fit,4.888888887999999,2.0,0.29032258068262234,"{""source"": ""Dark Depths"", ""target"": ""Nic Fit"", ""value"":0.29032258068262234},","{""source"": ""Dark Depths"", ""target"": ""Nic Fit"", ""value"":0.08428720085421776},"
Dark Depths,Zombie Bombardment,6.666666665999999,2.111111111,0.24050632912257655,"{""source"": ""Dark Depths"", ""target"": ""Zombie Bombardment"", ""value"":0.24050632912257655},","{""source"": ""Dark Depths"", ""target"": ""Zombie Bombardment"", ""value"":0.05784329434801711},"
Death's Shadow,Delver (Other),3.8,5.2,0.5777777777777778,"{""source"": ""Death's Shadow"", ""target"": ""Delver (Other)"", ""value"":0.5777777777777778},","{""source"": ""Death's Shadow"", ""target"": ""Delver (Other)"", ""value"":0.3338271604938272},"
Death's Shadow,Doomsday,10.8,1.2,0.09999999999999999,"{""source"": ""Death's Shadow"", ""target"": ""Doomsday"", ""value"":0.09999999999999999},","{""source"": ""Death's Shadow"", ""target"": ""Doomsday"", ""value"":0.009999999999999998},"
Death's Shadow,Dredge,5.2,2.0,0.2777777777777778,"{""source"": ""Death's Shadow"", ""target"": ""Dredge"", ""value"":0.2777777777777778},","{""source"": ""Death's Shadow"", ""target"": ""Dredge"", ""value"":0.0771604938271605},"
Death's Shadow,Food Chain,3.8,5.2,0.5777777777777778,"{""source"": ""Death's Shadow"", ""target"": ""Food Chain"", ""value"":0.5777777777777778},","{""source"": ""Death's Shadow"", ""target"": ""Food Chain"", ""value"":0.3338271604938272},"
Death's Shadow,Grixis Control,11.3,4.7,0.29375,"{""source"": ""Death's Shadow"", ""target"": ""Grixis Control"", ""value"":0.29375},","{""source"": ""Death's Shadow"", ""target"": ""Grixis Control"", ""value"":0.08628906250000001},"
Death's Shadow,Grixis Delver,7.05,5.2,0.4244897959183674,"{""source"": ""Death's Shadow"", ""target"": ""Grixis Delver"", ""value"":0.4244897959183674},","{""source"": ""Death's Shadow"", ""target"": ""Grixis Delver"", ""value"":0.1801915868388172},"
Death's Shadow,Infect,6.2,3.0,0.32608695652173914,"{""source"": ""Death's Shadow"", ""target"": ""Infect"", ""value"":0.32608695652173914},","{""source"": ""Death's Shadow"", ""target"": ""Infect"", ""value"":0.10633270321361059},"
Death's Shadow,Legacy Landstill,11.2,4.0,0.2631578947368421,"{""source"": ""Death's Shadow"", ""target"": ""Legacy Landstill"", ""value"":0.2631578947368421},","{""source"": ""Death's Shadow"", ""target"": ""Legacy Landstill"", ""value"":0.06925207756232686},"
Death's Shadow,Merfolk,1.2,4.0,0.7692307692307694,"{""source"": ""Death's Shadow"", ""target"": ""Merfolk"", ""value"":0.7692307692307694},","{""source"": ""Death's Shadow"", ""target"": ""Merfolk"", ""value"":0.5917159763313612},"
Death's Shadow,Painter,4.2,4.0,0.48780487804878053,"{""source"": ""Death's Shadow"", ""target"": ""Painter"", ""value"":0.48780487804878053},","{""source"": ""Death's Shadow"", ""target"": ""Painter"", ""value"":0.23795359904818564},"
Death's Shadow,Slivers,1.2,4.0,0.7692307692307694,"{""source"": ""Death's Shadow"", ""target"": ""Slivers"", ""value"":0.7692307692307694},","{""source"": ""Death's Shadow"", ""target"": ""Slivers"", ""value"":0.5917159763313612},"
Death's Shadow,Sneak & Show,8.276923076,4.153846154,0.3341584158746385,"{""source"": ""Death's Shadow"", ""target"": ""Sneak & Show"", ""value"":0.3341584158746385},","{""source"": ""Death's Shadow"", ""target"": ""Sneak & Show"", ""value"":0.11166184689984787},"
Death's Shadow,Stoneblade,6.699999999999999,4.2,0.38532110091743127,"{""source"": ""Death's Shadow"", ""target"": ""Stoneblade"", ""value"":0.38532110091743127},","{""source"": ""Death's Shadow"", ""target"": ""Stoneblade"", ""value"":0.14847235081222127},"
Death's Shadow,Storm,11.022222221999998,1.2,0.0981818181836033,"{""source"": ""Death's Shadow"", ""target"": ""Storm"", ""value"":0.0981818181836033},","{""source"": ""Death's Shadow"", ""target"": ""Storm"", ""value"":0.009639669421838136},"
Death's Shadow,UR Delver,7.9,4.0,0.33613445378151263,"{""source"": ""Death's Shadow"", ""target"": ""UR Delver"", ""value"":0.33613445378151263},","{""source"": ""Death's Shadow"", ""target"": ""UR Delver"", ""value"":0.11298637101899585},"
Death's Shadow,UWx Control,7.3875,4.0625,0.3548034934497817,"{""source"": ""Death's Shadow"", ""target"": ""UWx Control"", ""value"":0.3548034934497817},","{""source"": ""Death's Shadow"", ""target"": ""UWx Control"", ""value"":0.12588551896416927},"
Death's Shadow,Zombie Bombardment,9.2,1.0,0.09803921568627452,"{""source"": ""Death's Shadow"", ""target"": ""Zombie Bombardment"", ""value"":0.09803921568627452},","{""source"": ""Death's Shadow"", ""target"": ""Zombie Bombardment"", ""value"":0.009611687812379857},"
Delver (Other),Doomsday,13.0,2.0,0.13333333333333333,"{""source"": ""Delver (Other)"", ""target"": ""Doomsday"", ""value"":0.13333333333333333},","{""source"": ""Delver (Other)"", ""target"": ""Doomsday"", ""value"":0.017777777777777778},"
Delver (Other),Dredge,9.0,2.0,0.18181818181818182,"{""source"": ""Delver (Other)"", ""target"": ""Dredge"", ""value"":0.18181818181818182},","{""source"": ""Delver (Other)"", ""target"": ""Dredge"", ""value"":0.03305785123966942},"
Delver (Other),Food Chain,3.0,7.5,0.7142857142857143,"{""source"": ""Delver (Other)"", ""target"": ""Food Chain"", ""value"":0.7142857142857143},","{""source"": ""Delver (Other)"", ""target"": ""Food Chain"", ""value"":0.5102040816326531},"
Delver (Other),Grixis Control,11.5,6.5,0.3611111111111111,"{""source"": ""Delver (Other)"", ""target"": ""Grixis Control"", ""value"":0.3611111111111111},","{""source"": ""Delver (Other)"", ""target"": ""Grixis Control"", ""value"":0.13040123456790123},"
Delver (Other),Grixis Delver,7.25,7.0,0.49122807017543857,"{""source"": ""Delver (Other)"", ""target"": ""Grixis Delver"", ""value"":0.49122807017543857},","{""source"": ""Delver (Other)"", ""target"": ""Grixis Delver"", ""value"":0.2413050169282856},"
Delver (Other),Infect,7.0,4.5,0.391304347826087,"{""source"": ""Delver (Other)"", ""target"": ""Infect"", ""value"":0.391304347826087},","{""source"": ""Delver (Other)"", ""target"": ""Infect"", ""value"":0.15311909262759926},"
Delver (Other),Legacy Landstill,15.0,4.0,0.21052631578947367,"{""source"": ""Delver (Other)"", ""target"": ""Legacy Landstill"", ""value"":0.21052631578947367},","{""source"": ""Delver (Other)"", ""target"": ""Legacy Landstill"", ""value"":0.04432132963988919},"
Delver (Other),Merfolk,5.0,4.0,0.4444444444444444,"{""source"": ""Delver (Other)"", ""target"": ""Merfolk"", ""value"":0.4444444444444444},","{""source"": ""Delver (Other)"", ""target"": ""Merfolk"", ""value"":0.19753086419753085},"
Delver (Other),Painter,8.0,4.0,0.3333333333333333,"{""source"": ""Delver (Other)"", ""target"": ""Painter"", ""value"":0.3333333333333333},","{""source"": ""Delver (Other)"", ""target"": ""Painter"", ""value"":0.1111111111111111},"
Delver (Other),Slivers,5.0,4.0,0.4444444444444444,"{""source"": ""Delver (Other)"", ""target"": ""Slivers"", ""value"":0.4444444444444444},","{""source"": ""Delver (Other)"", ""target"": ""Slivers"", ""value"":0.19753086419753085},"
Delver (Other),Sneak & Show,12.076923076,4.153846154,0.25592417063772155,"{""source"": ""Delver (Other)"", ""target"": ""Sneak & Show"", ""value"":0.25592417063772155},","{""source"": ""Delver (Other)"", ""target"": ""Sneak & Show"", ""value"":0.06549718111660562},"
Delver (Other),Stoneblade,10.5,4.2,0.28571428571428575,"{""source"": ""Delver (Other)"", ""target"": ""Stoneblade"", ""value"":0.28571428571428575},","{""source"": ""Delver (Other)"", ""target"": ""Stoneblade"", ""value"":0.08163265306122451},"
Delver (Other),Storm,12.444444443999998,2.3888888890000004,0.16104868914968654,"{""source"": ""Delver (Other)"", ""target"": ""Storm"", ""value"":0.16104868914968654},","{""source"": ""Delver (Other)"", ""target"": ""Storm"", ""value"":0.025936680276832363},"
Delver (Other),UR Delver,11.100000000000001,4.3,0.27922077922077926,"{""source"": ""Delver (Other)"", ""target"": ""UR Delver"", ""value"":0.27922077922077926},","{""source"": ""Delver (Other)"", ""target"": ""UR Delver"", ""value"":0.07796424354865915},"
Delver (Other),UWx Control,11.1875,4.0625,0.26639344262295084,"{""source"": ""Delver (Other)"", ""target"": ""UWx Control"", ""value"":0.26639344262295084},","{""source"": ""Delver (Other)"", ""target"": ""UWx Control"", ""value"":0.0709654662725074},"
Delver (Other),Zombie Bombardment,12.0,1.5,0.1111111111111111,"{""source"": ""Delver (Other)"", ""target"": ""Zombie Bombardment"", ""value"":0.1111111111111111},","{""source"": ""Delver (Other)"", ""target"": ""Zombie Bombardment"", ""value"":0.012345679012345678},"
Doomsday,Dredge,8.0,2.0,0.2,"{""source"": ""Doomsday"", ""target"": ""Dredge"", ""value"":0.2},","{""source"": ""Doomsday"", ""target"": ""Dredge"", ""value"":0.04000000000000001},"
Doomsday,Food Chain,13.0,2.0,0.13333333333333333,"{""source"": ""Doomsday"", ""target"": ""Food Chain"", ""value"":0.13333333333333333},","{""source"": ""Doomsday"", ""target"": ""Food Chain"", ""value"":0.017777777777777778},"
Doomsday,Grixis Control,15.5,4.0,0.20512820512820512,"{""source"": ""Doomsday"", ""target"": ""Grixis Control"", ""value"":0.20512820512820512},","{""source"": ""Doomsday"", ""target"": ""Grixis Control"", ""value"":0.042077580539118996},"
Doomsday,Grixis Delver,14.25,3.0,0.17391304347826086,"{""source"": ""Doomsday"", ""target"": ""Grixis Delver"", ""value"":0.17391304347826086},","{""source"": ""Doomsday"", ""target"": ""Grixis Delver"", ""value"":0.030245746691871453},"
Doomsday,Infect,13.0,1.0,0.07142857142857142,"{""source"": ""Doomsday"", ""target"": ""Infect"", ""value"":0.07142857142857142},","{""source"": ""Doomsday"", ""target"": ""Infect"", ""value"":0.00510204081632653},"
Doomsday,Reanimator,9.0,1.0,0.1,"{""source"": ""Doomsday"", ""target"": ""Reanimator"", ""value"":0.1},","{""source"": ""Doomsday"", ""target"": ""Reanimator"", ""value"":0.010000000000000002},"
Doomsday,Sneak & Show,17.076923076,1.153846154,0.06329113925161566,"{""source"": ""Doomsday"", ""target"": ""Sneak & Show"", ""value"":0.06329113925161566},","{""source"": ""Doomsday"", ""target"": ""Sneak & Show"", ""value"":0.004005768307767404},"
Doomsday,Storm,1.777777778,7.222222222,0.8024691357777778,"{""source"": ""Doomsday"", ""target"": ""Storm"", ""value"":0.8024691357777778},","{""source"": ""Doomsday"", ""target"": ""Storm"", ""value"":0.6439567138759336},"
Doomsday,UR Delver,16.7,1.0,0.05649717514124294,"{""source"": ""Doomsday"", ""target"": ""UR Delver"", ""value"":0.05649717514124294},","{""source"": ""Doomsday"", ""target"": ""UR Delver"", ""value"":0.003191930798940279},"
Doomsday,Zombie Bombardment,10.0,2.0,0.16666666666666666,"{""source"": ""Doomsday"", ""target"": ""Zombie Bombardment"", ""value"":0.16666666666666666},","{""source"": ""Doomsday"", ""target"": ""Zombie Bombardment"", ""value"":0.027777777777777776},"
Dragon Stompy,Eldrazi Aggro,4.6,1.8,0.28125000000000006,"{""source"": ""Dragon Stompy"", ""target"": ""Eldrazi Aggro"", ""value"":0.28125000000000006},","{""source"": ""Dragon Stompy"", ""target"": ""Eldrazi Aggro"", ""value"":0.07910156250000003},"
Dragon Stompy,MUD,4.0,4.0,0.5,"{""source"": ""Dragon Stompy"", ""target"": ""MUD"", ""value"":0.5},","{""source"": ""Dragon Stompy"", ""target"": ""MUD"", ""value"":0.25},"
Dragon Stompy,Painter,5.0,3.0,0.375,"{""source"": ""Dragon Stompy"", ""target"": ""Painter"", ""value"":0.375},","{""source"": ""Dragon Stompy"", ""target"": ""Painter"", ""value"":0.140625},"
Dragon Stompy,Sneak & Show,12.153846154,1.615384615,0.11731843572822322,"{""source"": ""Dragon Stompy"", ""target"": ""Sneak & Show"", ""value"":0.11731843572822322},","{""source"": ""Dragon Stompy"", ""target"": ""Sneak & Show"", ""value"":0.013763615361717241},"
Dredge,Food Chain,9.0,2.0,0.18181818181818182,"{""source"": ""Dredge"", ""target"": ""Food Chain"", ""value"":0.18181818181818182},","{""source"": ""Dredge"", ""target"": ""Food Chain"", ""value"":0.03305785123966942},"
Dredge,Grixis Control,15.5,2.0,0.11428571428571428,"{""source"": ""Dredge"", ""target"": ""Grixis Control"", ""value"":0.11428571428571428},","{""source"": ""Dredge"", ""target"": ""Grixis Control"", ""value"":0.013061224489795917},"
Dredge,Grixis Delver,12.25,2.0,0.14035087719298245,"{""source"": ""Dredge"", ""target"": ""Grixis Delver"", ""value"":0.14035087719298245},","{""source"": ""Dredge"", ""target"": ""Grixis Delver"", ""value"":0.019698368728839642},"
Dredge,Infect,7.0,2.0,0.2222222222222222,"{""source"": ""Dredge"", ""target"": ""Infect"", ""value"":0.2222222222222222},","{""source"": ""Dredge"", ""target"": ""Infect"", ""value"":0.04938271604938271},"
Dredge,Legacy Landstill,14.0,2.0,0.125,"{""source"": ""Dredge"", ""target"": ""Legacy Landstill"", ""value"":0.125},","{""source"": ""Dredge"", ""target"": ""Legacy Landstill"", ""value"":0.015625},"
Dredge,Merfolk,4.0,2.0,0.3333333333333333,"{""source"": ""Dredge"", ""target"": ""Merfolk"", ""value"":0.3333333333333333},","{""source"": ""Dredge"", ""target"": ""Merfolk"", ""value"":0.1111111111111111},"
Dredge,Painter,7.0,2.0,0.2222222222222222,"{""source"": ""Dredge"", ""target"": ""Painter"", ""value"":0.2222222222222222},","{""source"": ""Dredge"", ""target"": ""Painter"", ""value"":0.04938271604938271},"
Dredge,Slivers,4.0,2.0,0.3333333333333333,"{""source"": ""Dredge"", ""target"": ""Slivers"", ""value"":0.3333333333333333},","{""source"": ""Dredge"", ""target"": ""Slivers"", ""value"":0.1111111111111111},"
Dredge,Sneak & Show,11.384615384,2.0,0.14942528736319197,"{""source"": ""Dredge"", ""target"": ""Sneak & Show"", ""value"":0.14942528736319197},","{""source"": ""Dredge"", ""target"": ""Sneak & Show"", ""value"":0.022327916503572496},"
Dredge,Stoneblade,9.899999999999999,2.0,0.16806722689075632,"{""source"": ""Dredge"", ""target"": ""Stoneblade"", ""value"":0.16806722689075632},","{""source"": ""Dredge"", ""target"": ""Stoneblade"", ""value"":0.028246592754748962},"
Dredge,Storm,8.222222222,2.0,0.19565217391729678,"{""source"": ""Dredge"", ""target"": ""Storm"", ""value"":0.19565217391729678},","{""source"": ""Dredge"", ""target"": ""Storm"", ""value"":0.038279773158564144},"
Dredge,UR Delver,10.7,2.0,0.15748031496062992,"{""source"": ""Dredge"", ""target"": ""UR Delver"", ""value"":0.15748031496062992},","{""source"": ""Dredge"", ""target"": ""UR Delver"", ""value"":0.0248000496000992},"
Dredge,UWx Control,10.3125,2.0,0.16243654822335024,"{""source"": ""Dredge"", ""target"": ""UWx Control"", ""value"":0.16243654822335024},","{""source"": ""Dredge"", ""target"": ""UWx Control"", ""value"":0.02638563219871679},"
Eldrazi Aggro,MUD,3.8000000000000003,4.2,0.5250000000000001,"{""source"": ""Eldrazi Aggro"", ""target"": ""MUD"", ""value"":0.5250000000000001},","{""source"": ""Eldrazi Aggro"", ""target"": ""MUD"", ""value"":0.2756250000000001},"
Eldrazi Aggro,Painter,7.6,1.8,0.19148936170212766,"{""source"": ""Eldrazi Aggro"", ""target"": ""Painter"", ""value"":0.19148936170212766},","{""source"": ""Eldrazi Aggro"", ""target"": ""Painter"", ""value"":0.03666817564508827},"
Eldrazi Aggro,Sneak & Show,12.353846154,1.615384615,0.11563876649420109,"{""source"": ""Eldrazi Aggro"", ""target"": ""Sneak & Show"", ""value"":0.11563876649420109},","{""source"": ""Eldrazi Aggro"", ""target"": ""Sneak & Show"", ""value"":0.013372324316300364},"
Elves,Food Chain,13.333333332999999,1.0,0.06976744186208762,"{""source"": ""Elves"", ""target"": ""Food Chain"", ""value"":0.06976744186208762},","{""source"": ""Elves"", ""target"": ""Food Chain"", ""value"":0.004867495943979777},"
Elves,Infect,10.333333332999999,1.5,0.12676056338385241,"{""source"": ""Elves"", ""target"": ""Infect"", ""value"":0.12676056338385241},","{""source"": ""Elves"", ""target"": ""Infect"", ""value"":0.016068240429391666},"
Elves,Junk,6.666666667,2.3333333329999997,0.2592592592222222,"{""source"": ""Elves"", ""target"": ""Junk"", ""value"":0.2592592592222222},","{""source"": ""Elves"", ""target"": ""Junk"", ""value"":0.06721536349245541},"
Elves,LOAM,12.666666667000001,2.0,0.13636363636053717,"{""source"": ""Elves"", ""target"": ""LOAM"", ""value"":0.13636363636053717},","{""source"": ""Elves"", ""target"": ""LOAM"", ""value"":0.018595041321468813},"
Elves,Maverick,6.0,2.0,0.25,"{""source"": ""Elves"", ""target"": ""Maverick"", ""value"":0.25},","{""source"": ""Elves"", ""target"": ""Maverick"", ""value"":0.0625},"
Elves,Nic Fit,5.666666667,2.3333333329999997,0.291666666625,"{""source"": ""Elves"", ""target"": ""Nic Fit"", ""value"":0.291666666625},","{""source"": ""Elves"", ""target"": ""Nic Fit"", ""value"":0.0850694444201389},"
Elves,Zombie Bombardment,9.666666667000001,1.333333333,0.12121212118181819,"{""source"": ""Elves"", ""target"": ""Zombie Bombardment"", ""value"":0.12121212118181819},","{""source"": ""Elves"", ""target"": ""Zombie Bombardment"", ""value"":0.014692378321395779},"
Food Chain,Grixis Control,13.5,5.5,0.2894736842105263,"{""source"": ""Food Chain"", ""target"": ""Grixis Control"", ""value"":0.2894736842105263},","{""source"": ""Food Chain"", ""target"": ""Grixis Control"", ""value"":0.08379501385041552},"
Food Chain,Grixis Delver,9.25,6.0,0.39344262295081966,"{""source"": ""Food Chain"", ""target"": ""Grixis Delver"", ""value"":0.39344262295081966},","{""source"": ""Food Chain"", ""target"": ""Grixis Delver"", ""value"":0.15479709755442084},"
Food Chain,Infect,4.0,6.0,0.6,"{""source"": ""Food Chain"", ""target"": ""Infect"", ""value"":0.6},","{""source"": ""Food Chain"", ""target"": ""Infect"", ""value"":0.36},"
Food Chain,Junk,12.0,1.0,0.07692307692307693,"{""source"": ""Food Chain"", ""target"": ""Junk"", ""value"":0.07692307692307693},","{""source"": ""Food Chain"", ""target"": ""Junk"", ""value"":0.00591715976331361},"
Food Chain,Legacy Landstill,15.0,4.0,0.21052631578947367,"{""source"": ""Food Chain"", ""target"": ""Legacy Landstill"", ""value"":0.21052631578947367},","{""source"": ""Food Chain"", ""target"": ""Legacy Landstill"", ""value"":0.04432132963988919},"
Food Chain,LOAM,17.333333334,1.0,0.05454545454347108,"{""source"": ""Food Chain"", ""target"": ""LOAM"", ""value"":0.05454545454347108},","{""source"": ""Food Chain"", ""target"": ""LOAM"", ""value"":0.00297520661135387},"
Food Chain,Merfolk,5.0,4.0,0.4444444444444444,"{""source"": ""Food Chain"", ""target"": ""Merfolk"", ""value"":0.4444444444444444},","{""source"": ""Food Chain"", ""target"": ""Merfolk"", ""value"":0.19753086419753085},"
Food Chain,Nic Fit,10.333333334,1.3333333330000001,0.11428571425387757,"{""source"": ""Food Chain"", ""target"": ""Nic Fit"", ""value"":0.11428571425387757},","{""source"": ""Food Chain"", ""target"": ""Nic Fit"", ""value"":0.013061224482518955},"
Food Chain,Painter,8.0,4.0,0.3333333333333333,"{""source"": ""Food Chain"", ""target"": ""Painter"", ""value"":0.3333333333333333},","{""source"": ""Food Chain"", ""target"": ""Painter"", ""value"":0.1111111111111111},"
Food Chain,Slivers,5.0,4.0,0.4444444444444444,"{""source"": ""Food Chain"", ""target"": ""Slivers"", ""value"":0.4444444444444444},","{""source"": ""Food Chain"", ""target"": ""Slivers"", ""value"":0.19753086419753085},"
Food Chain,Sneak & Show,12.076923076,4.153846154,0.25592417063772155,"{""source"": ""Food Chain"", ""target"": ""Sneak & Show"", ""value"":0.25592417063772155},","{""source"": ""Food Chain"", ""target"": ""Sneak & Show"", ""value"":0.06549718111660562},"
Food Chain,Stoneblade,10.5,4.2,0.28571428571428575,"{""source"": ""Food Chain"", ""target"": ""Stoneblade"", ""value"":0.28571428571428575},","{""source"": ""Food Chain"", ""target"": ""Stoneblade"", ""value"":0.08163265306122451},"
Food Chain,Storm,11.888888888,2.6666666670000003,0.18320610690012243,"{""source"": ""Food Chain"", ""target"": ""Storm"", ""value"":0.18320610690012243},","{""source"": ""Food Chain"", ""target"": ""Storm"", ""value"":0.033564477605499084},"
Food Chain,UR Delver,11.100000000000001,4.3,0.27922077922077926,"{""source"": ""Food Chain"", ""target"": ""UR Delver"", ""value"":0.27922077922077926},","{""source"": ""Food Chain"", ""target"": ""UR Delver"", ""value"":0.07796424354865915},"
Food Chain,UWx Control,11.1875,4.0625,0.26639344262295084,"{""source"": ""Food Chain"", ""target"": ""UWx Control"", ""value"":0.26639344262295084},","{""source"": ""Food Chain"", ""target"": ""UWx Control"", ""value"":0.0709654662725074},"
Food Chain,Zombie Bombardment,11.0,2.0,0.15384615384615385,"{""source"": ""Food Chain"", ""target"": ""Zombie Bombardment"", ""value"":0.15384615384615385},","{""source"": ""Food Chain"", ""target"": ""Zombie Bombardment"", ""value"":0.02366863905325444},"
Grixis Control,Grixis Delver,6.75,10.5,0.6086956521739131,"{""source"": ""Grixis Control"", ""target"": ""Grixis Delver"", ""value"":0.6086956521739131},","{""source"": ""Grixis Control"", ""target"": ""Grixis Delver"", ""value"":0.37051039697542537},"
Grixis Control,Infect,16.5,3.0,0.15384615384615385,"{""source"": ""Grixis Control"", ""target"": ""Infect"", ""value"":0.15384615384615385},","{""source"": ""Grixis Control"", ""target"": ""Infect"", ""value"":0.02366863905325444},"
Grixis Control,Legacy Landstill,12.0,8.75,0.42168674698795183,"{""source"": ""Grixis Control"", ""target"": ""Legacy Landstill"", ""value"":0.42168674698795183},","{""source"": ""Grixis Control"", ""target"": ""Legacy Landstill"", ""value"":0.1778197125852809},"
Grixis Control,Merfolk,12.5,3.5,0.21875,"{""source"": ""Grixis Control"", ""target"": ""Merfolk"", ""value"":0.21875},","{""source"": ""Grixis Control"", ""target"": ""Merfolk"", ""value"":0.0478515625},"
Grixis Control,Painter,15.5,3.5,0.18421052631578946,"{""source"": ""Grixis Control"", ""target"": ""Painter"", ""value"":0.18421052631578946},","{""source"": ""Grixis Control"", ""target"": ""Painter"", ""value"":0.03393351800554016},"
Grixis Control,Reanimator,15.0,1.75,0.1044776119402985,"{""source"": ""Grixis Control"", ""target"": ""Reanimator"", ""value"":0.1044776119402985},","{""source"": ""Grixis Control"", ""target"": ""Reanimator"", ""value"":0.010915571396747604},"
Grixis Control,Slivers,12.5,3.5,0.21875,"{""source"": ""Grixis Control"", ""target"": ""Slivers"", ""value"":0.21875},","{""source"": ""Grixis Control"", ""target"": ""Slivers"", ""value"":0.0478515625},"
Grixis Control,Sneak & Show,9.576923076,8.653846154,0.4746835443322651,"{""source"": ""Grixis Control"", ""target"": ""Sneak & Show"", ""value"":0.4746835443322651},","{""source"": ""Grixis Control"", ""target"": ""Sneak & Show"", ""value"":0.2253244672598415},"
Grixis Control,Stoneblade,11.1,7.15,0.3917808219178082,"{""source"": ""Grixis Control"", ""target"": ""Stoneblade"", ""value"":0.3917808219178082},","{""source"": ""Grixis Control"", ""target"": ""Stoneblade"", ""value"":0.15349221242259337},"
Grixis Control,Storm,17.277777777999997,3.222222222,0.15718157180487805,"{""source"": ""Grixis Control"", ""target"": ""Storm"", ""value"":0.15718157180487805},","{""source"": ""Grixis Control"", ""target"": ""Storm"", ""value"":0.024706046515052035},"
Grixis Control,UR Delver,9.2,8.5,0.480225988700565,"{""source"": ""Grixis Control"", ""target"": ""UR Delver"", ""value"":0.480225988700565},","{""source"": ""Grixis Control"", ""target"": ""UR Delver"", ""value"":0.23061700022343518},"
Grixis Control,UWx Control,10.5625,7.625,0.41924398625429554,"{""source"": ""Grixis Control"", ""target"": ""UWx Control"", ""value"":0.41924398625429554},","{""source"": ""Grixis Control"", ""target"": ""UWx Control"", ""value"":0.17576552001039195},"
Grixis Control,Zombie Bombardment,16.0,2.75,0.14666666666666667,"{""source"": ""Grixis Control"", ""target"": ""Zombie Bombardment"", ""value"":0.14666666666666667},","{""source"": ""Grixis Control"", ""target"": ""Zombie Bombardment"", ""value"":0.021511111111111113},"
Grixis Delver,Infect,13.25,3.0,0.18461538461538463,"{""source"": ""Grixis Delver"", ""target"": ""Infect"", ""value"":0.18461538461538463},","{""source"": ""Grixis Delver"", ""target"": ""Infect"", ""value"":0.034082840236686396},"
Grixis Delver,Legacy Landstill,14.25,6.0,0.2962962962962963,"{""source"": ""Grixis Delver"", ""target"": ""Legacy Landstill"", ""value"":0.2962962962962963},","{""source"": ""Grixis Delver"", ""target"": ""Legacy Landstill"", ""value"":0.0877914951989026},"
Grixis Delver,Merfolk,8.25,4.0,0.32653061224489793,"{""source"": ""Grixis Delver"", ""target"": ""Merfolk"", ""value"":0.32653061224489793},","{""source"": ""Grixis Delver"", ""target"": ""Merfolk"", ""value"":0.10662224073302788},"
Grixis Delver,Painter,11.25,4.0,0.26229508196721313,"{""source"": ""Grixis Delver"", ""target"": ""Painter"", ""value"":0.26229508196721313},","{""source"": ""Grixis Delver"", ""target"": ""Painter"", ""value"":0.06879871002418705},"
Grixis Delver,Slivers,8.25,4.0,0.32653061224489793,"{""source"": ""Grixis Delver"", ""target"": ""Slivers"", ""value"":0.32653061224489793},","{""source"": ""Grixis Delver"", ""target"": ""Slivers"", ""value"":0.10662224073302788},"
Grixis Delver,Sneak & Show,6.096153846,8.769230769,0.5899094437254828,"{""source"": ""Grixis Delver"", ""target"": ""Sneak & Show"", ""value"":0.5899094437254828},","{""source"": ""Grixis Delver"", ""target"": ""Sneak & Show"", ""value"":0.3479931517965086},"
Grixis Delver,Stoneblade,11.350000000000001,5.4,0.32238805970149254,"{""source"": ""Grixis Delver"", ""target"": ""Stoneblade"", ""value"":0.32238805970149254},","{""source"": ""Grixis Delver"", ""target"": ""Stoneblade"", ""value"":0.10393406103809312},"
Grixis Delver,Storm,14.916666665999998,2.777777778,0.15698587128808758,"{""source"": ""Grixis Delver"", ""target"": ""Storm"", ""value"":0.15698587128808758},","{""source"": ""Grixis Delver"", ""target"": ""Storm"", ""value"":0.02464456378408},"
Grixis Delver,UR Delver,5.55,8.7,0.6105263157894736,"{""source"": ""Grixis Delver"", ""target"": ""UR Delver"", ""value"":0.6105263157894736},","{""source"": ""Grixis Delver"", ""target"": ""UR Delver"", ""value"":0.372742382271468},"
Grixis Delver,UWx Control,10.8125,5.875,0.352059925093633,"{""source"": ""Grixis Delver"", ""target"": ""UWx Control"", ""value"":0.352059925093633},","{""source"": ""Grixis Delver"", ""target"": ""UWx Control"", ""value"":0.12394619085693447},"
Grixis Delver,Zombie Bombardment,16.25,1.0,0.057971014492753624,"{""source"": ""Grixis Delver"", ""target"": ""Zombie Bombardment"", ""value"":0.057971014492753624},","{""source"": ""Grixis Delver"", ""target"": ""Zombie Bombardment"", ""value"":0.003360638521319051},"
Infect,Junk,9.0,1.5,0.14285714285714285,"{""source"": ""Infect"", ""target"": ""Junk"", ""value"":0.14285714285714285},","{""source"": ""Infect"", ""target"": ""Junk"", ""value"":0.02040816326530612},"
Infect,Legacy Landstill,16.0,2.5,0.13513513513513514,"{""source"": ""Infect"", ""target"": ""Legacy Landstill"", ""value"":0.13513513513513514},","{""source"": ""Infect"", ""target"": ""Legacy Landstill"", ""value"":0.018261504747991236},"
Infect,LOAM,14.333333333999999,1.5,0.09473684210127424,"{""source"": ""Infect"", ""target"": ""LOAM"", ""value"":0.09473684210127424},","{""source"": ""Infect"", ""target"": ""LOAM"", ""value"":0.008975069251321768},"
Infect,Merfolk,7.0,2.0,0.2222222222222222,"{""source"": ""Infect"", ""target"": ""Merfolk"", ""value"":0.2222222222222222},","{""source"": ""Infect"", ""target"": ""Merfolk"", ""value"":0.04938271604938271},"
Infect,Nic Fit,7.333333334000001,1.8333333330000001,0.1999999999563636,"{""source"": ""Infect"", ""target"": ""Nic Fit"", ""value"":0.1999999999563636},","{""source"": ""Infect"", ""target"": ""Nic Fit"", ""value"":0.03999999998254544},"
Infect,Painter,10.0,2.0,0.16666666666666666,"{""source"": ""Infect"", ""target"": ""Painter"", ""value"":0.16666666666666666},","{""source"": ""Infect"", ""target"": ""Painter"", ""value"":0.027777777777777776},"
Infect,Slivers,7.0,2.0,0.2222222222222222,"{""source"": ""Infect"", ""target"": ""Slivers"", ""value"":0.2222222222222222},","{""source"": ""Infect"", ""target"": ""Slivers"", ""value"":0.04938271604938271},"
Infect,Sneak & Show,14.076923076,2.153846154,0.1327014218167157,"{""source"": ""Infect"", ""target"": ""Sneak & Show"", ""value"":0.1327014218167157},","{""source"": ""Infect"", ""target"": ""Sneak & Show"", ""value"":0.01760966735217791},"
Infect,Stoneblade,11.5,2.7,0.19014084507042256,"{""source"": ""Infect"", ""target"": ""Stoneblade"", ""value"":0.19014084507042256},","{""source"": ""Infect"", ""target"": ""Stoneblade"", ""value"":0.036153540964094434},"
Infect,Storm,11.444444444000002,1.888888889,0.14166666667854166,"{""source"": ""Infect"", ""target"": ""Storm"", ""value"":0.14166666667854166},","{""source"": ""Infect"", ""target"": ""Storm"", ""value"":0.020069444447809028},"
Infect,UR Delver,13.100000000000001,2.3,0.14935064935064934,"{""source"": ""Infect"", ""target"": ""UR Delver"", ""value"":0.14935064935064934},","{""source"": ""Infect"", ""target"": ""UR Delver"", ""value"":0.022305616461460617},"
Infect,UWx Control,12.1875,2.5625,0.17372881355932204,"{""source"": ""Infect"", ""target"": ""UWx Control"", ""value"":0.17372881355932204},","{""source"": ""Infect"", ""target"": ""UWx Control"", ""value"":0.030181700660729678},"
Infect,Zombie Bombardment,9.0,2.0,0.18181818181818182,"{""source"": ""Infect"", ""target"": ""Zombie Bombardment"", ""value"":0.18181818181818182},","{""source"": ""Infect"", ""target"": ""Zombie Bombardment"", ""value"":0.03305785123966942},"
Junk,LOAM,8.0,3.666666667,0.3142857143053061,"{""source"": ""Junk"", ""target"": ""LOAM"", ""value"":0.3142857143053061},","{""source"": ""Junk"", ""target"": ""LOAM"", ""value"":0.0987755102163965},"
Junk,Maverick,4.666666666999999,2.0,0.29999999998500004,"{""source"": ""Junk"", ""target"": ""Maverick"", ""value"":0.29999999998500004},","{""source"": ""Junk"", ""target"": ""Maverick"", ""value"":0.08999999999100003},"
Junk,Nic Fit,1.6666666660000002,3.666666667,0.6875000001054686,"{""source"": ""Junk"", ""target"": ""Nic Fit"", ""value"":0.6875000001054686},","{""source"": ""Junk"", ""target"": ""Nic Fit"", ""value"":0.4726562501450194},"
Junk,Pikula,6.5,1.0,0.13333333333333333,"{""source"": ""Junk"", ""target"": ""Pikula"", ""value"":0.13333333333333333},","{""source"": ""Junk"", ""target"": ""Pikula"", ""value"":0.017777777777777778},"
Junk,Zombie Bombardment,7.0,2.0,0.2222222222222222,"{""source"": ""Junk"", ""target"": ""Zombie Bombardment"", ""value"":0.2222222222222222},","{""source"": ""Junk"", ""target"": ""Zombie Bombardment"", ""value"":0.04938271604938271},"
Lands,LOAM,6.809523808999999,5.619047620000001,0.452107279754525,"{""source"": ""Lands"", ""target"": ""LOAM"", ""value"":0.452107279754525},","{""source"": ""Lands"", ""target"": ""LOAM"", ""value"":0.20440099240703635},"
Legacy Landstill,Merfolk,10.0,4.0,0.2857142857142857,"{""source"": ""Legacy Landstill"", ""target"": ""Merfolk"", ""value"":0.2857142857142857},","{""source"": ""Legacy Landstill"", ""target"": ""Merfolk"", ""value"":0.08163265306122448},"
Legacy Landstill,Painter,13.0,4.0,0.23529411764705882,"{""source"": ""Legacy Landstill"", ""target"": ""Painter"", ""value"":0.23529411764705882},","{""source"": ""Legacy Landstill"", ""target"": ""Painter"", ""value"":0.05536332179930796},"
Legacy Landstill,Slivers,10.0,4.0,0.2857142857142857,"{""source"": ""Legacy Landstill"", ""target"": ""Slivers"", ""value"":0.2857142857142857},","{""source"": ""Legacy Landstill"", ""target"": ""Slivers"", ""value"":0.08163265306122448},"
Legacy Landstill,Sneak & Show,11.384615384,7.0,0.38075313808805866,"{""source"": ""Legacy Landstill"", ""target"": ""Sneak & Show"", ""value"":0.38075313808805866},","{""source"": ""Legacy Landstill"", ""target"": ""Sneak & Show"", ""value"":0.14497295216390427},"
Legacy Landstill,Stoneblade,4.7,9.600000000000001,0.6713286713286714,"{""source"": ""Legacy Landstill"", ""target"": ""Stoneblade"", ""value"":0.6713286713286714},","{""source"": ""Legacy Landstill"", ""target"": ""Stoneblade"", ""value"":0.45068218494791923},"
Legacy Landstill,UR Delver,9.3,7.7,0.45294117647058824,"{""source"": ""Legacy Landstill"", ""target"": ""UR Delver"", ""value"":0.45294117647058824},","{""source"": ""Legacy Landstill"", ""target"": ""UR Delver"", ""value"":0.20515570934256055},"
Legacy Landstill,UWx Control,5.1875,9.5625,0.6483050847457628,"{""source"": ""Legacy Landstill"", ""target"": ""UWx Control"", ""value"":0.6483050847457628},","{""source"": ""Legacy Landstill"", ""target"": ""UWx Control"", ""value"":0.42029948290721064},"
LOAM,Nic Fit,7.666666666,3.3333333339999998,0.30303030309090906,"{""source"": ""LOAM"", ""target"": ""Nic Fit"", ""value"":0.30303030309090906},","{""source"": ""LOAM"", ""target"": ""Nic Fit"", ""value"":0.09182736459136821},"
LOAM,Pikula,11.166666668,1.333333333,0.10666666663146668,"{""source"": ""LOAM"", ""target"": ""Pikula"", ""value"":0.10666666663146668},","{""source"": ""LOAM"", ""target"": ""Pikula"", ""value"":0.011377777770268447},"
LOAM,Reanimator,10.0,1.6666666669999999,0.14285714288163265,"{""source"": ""LOAM"", ""target"": ""Reanimator"", ""value"":0.14285714288163265},","{""source"": ""LOAM"", ""target"": ""Reanimator"", ""value"":0.020408163272303204},"
LOAM,Storm,16.111111112,1.2222222219999999,0.07051282049728796,"{""source"": ""LOAM"", ""target"": ""Storm"", ""value"":0.07051282049728796},","{""source"": ""LOAM"", ""target"": ""Storm"", ""value"":0.004972057854482754},"
LOAM,Zombie Bombardment,11.0,2.666666667,0.19512195123914336,"{""source"": ""LOAM"", ""target"": ""Zombie Bombardment"", ""value"":0.19512195123914336},","{""source"": ""LOAM"", ""target"": ""Zombie Bombardment"", ""value"":0.03807257585537064},"
Maverick,Nic Fit,5.666666666999999,1.0,0.14999999999250002,"{""source"": ""Maverick"", ""target"": ""Nic Fit"", ""value"":0.14999999999250002},","{""source"": ""Maverick"", ""target"": ""Nic Fit"", ""value"":0.022499999997750007},"
Merfolk,Painter,3.0,4.0,0.5714285714285714,"{""source"": ""Merfolk"", ""target"": ""Painter"", ""value"":0.5714285714285714},","{""source"": ""Merfolk"", ""target"": ""Painter"", ""value"":0.32653061224489793},"
Merfolk,Slivers,0.0,4.0,1.0,"{""source"": ""Merfolk"", ""target"": ""Slivers"", ""value"":1.0},","{""source"": ""Merfolk"", ""target"": ""Slivers"", ""value"":1.0},"
Merfolk,Sneak & Show,7.384615384,4.0,0.35135135137034335,"{""source"": ""Merfolk"", ""target"": ""Sneak & Show"", ""value"":0.35135135137034335},","{""source"": ""Merfolk"", ""target"": ""Sneak & Show"", ""value"":0.12344777210976647},"
Merfolk,Stoneblade,5.8999999999999995,4.0,0.4040404040404041,"{""source"": ""Merfolk"", ""target"": ""Stoneblade"", ""value"":0.4040404040404041},","{""source"": ""Merfolk"", ""target"": ""Stoneblade"", ""value"":0.163248648097133},"
Merfolk,UR Delver,6.7,4.0,0.3738317757009346,"{""source"": ""Merfolk"", ""target"": ""UR Delver"", ""value"":0.3738317757009346},","{""source"": ""Merfolk"", ""target"": ""UR Delver"", ""value"":0.1397501965237139},"
Merfolk,UWx Control,6.3125,4.0,0.3878787878787879,"{""source"": ""Merfolk"", ""target"": ""UWx Control"", ""value"":0.3878787878787879},","{""source"": ""Merfolk"", ""target"": ""UWx Control"", ""value"":0.15044995408631773},"
MUD,Painter,9.0,3.0,0.25,"{""source"": ""MUD"", ""target"": ""Painter"", ""value"":0.25},","{""source"": ""MUD"", ""target"": ""Painter"", ""value"":0.0625},"
MUD,Sneak & Show,16.153846154,1.615384615,0.09090909088862652,"{""source"": ""MUD"", ""target"": ""Sneak & Show"", ""value"":0.09090909088862652},","{""source"": ""MUD"", ""target"": ""Sneak & Show"", ""value"":0.008264462806196558},"
Nic Fit,Storm,10.0,1.111111111,0.09999999999100001,"{""source"": ""Nic Fit"", ""target"": ""Storm"", ""value"":0.09999999999100001},","{""source"": ""Nic Fit"", ""target"": ""Storm"", ""value"":0.009999999998200003},"
Nic Fit,Zombie Bombardment,5.333333334000001,2.333333333,0.3043478260302458,"{""source"": ""Nic Fit"", ""target"": ""Zombie Bombardment"", ""value"":0.3043478260302458},","{""source"": ""Nic Fit"", ""target"": ""Zombie Bombardment"", ""value"":0.09262759920933676},"
Painter,Slivers,3.0,4.0,0.5714285714285714,"{""source"": ""Painter"", ""target"": ""Slivers"", ""value"":0.5714285714285714},","{""source"": ""Painter"", ""target"": ""Slivers"", ""value"":0.32653061224489793},"
Painter,Sneak & Show,7.153846154,5.615384615,0.4397590361224053,"{""source"": ""Painter"", ""target"": ""Sneak & Show"", ""value"":0.4397590361224053},","{""source"": ""Painter"", ""target"": ""Sneak & Show"", ""value"":0.19338800985130697},"
Painter,Stoneblade,8.899999999999999,4.0,0.310077519379845,"{""source"": ""Painter"", ""target"": ""Stoneblade"", ""value"":0.310077519379845},","{""source"": ""Painter"", ""target"": ""Stoneblade"", ""value"":0.09614806802475816},"
Painter,UR Delver,9.7,4.0,0.29197080291970806,"{""source"": ""Painter"", ""target"": ""UR Delver"", ""value"":0.29197080291970806},","{""source"": ""Painter"", ""target"": ""UR Delver"", ""value"":0.085246949757579},"
Painter,UWx Control,9.3125,4.0,0.3004694835680751,"{""source"": ""Painter"", ""target"": ""UWx Control"", ""value"":0.3004694835680751},","{""source"": ""Painter"", ""target"": ""UWx Control"", ""value"":0.09028191055566577},"
Reanimator,Zombie Bombardment,4.0,2.5,0.38461538461538464,"{""source"": ""Reanimator"", ""target"": ""Zombie Bombardment"", ""value"":0.38461538461538464},","{""source"": ""Reanimator"", ""target"": ""Zombie Bombardment"", ""value"":0.14792899408284024},"
Slivers,Sneak & Show,7.384615384,4.0,0.35135135137034335,"{""source"": ""Slivers"", ""target"": ""Sneak & Show"", ""value"":0.35135135137034335},","{""source"": ""Slivers"", ""target"": ""Sneak & Show"", ""value"":0.12344777210976647},"
Slivers,Stoneblade,5.8999999999999995,4.0,0.4040404040404041,"{""source"": ""Slivers"", ""target"": ""Stoneblade"", ""value"":0.4040404040404041},","{""source"": ""Slivers"", ""target"": ""Stoneblade"", ""value"":0.163248648097133},"
Slivers,UR Delver,6.7,4.0,0.3738317757009346,"{""source"": ""Slivers"", ""target"": ""UR Delver"", ""value"":0.3738317757009346},","{""source"": ""Slivers"", ""target"": ""UR Delver"", ""value"":0.1397501965237139},"
Slivers,UWx Control,6.3125,4.0,0.3878787878787879,"{""source"": ""Slivers"", ""target"": ""UWx Control"", ""value"":0.3878787878787879},","{""source"": ""Slivers"", ""target"": ""UWx Control"", ""value"":0.15044995408631773},"
Sneak & Show,Stoneblade,10.423076922,5.430769231,0.3425521591788844,"{""source"": ""Sneak & Show"", ""target"": ""Stoneblade"", ""value"":0.3425521591788844},","{""source"": ""Sneak & Show"", ""target"": ""Stoneblade"", ""value"":0.11734198175811573},"
Sneak & Show,Storm,17.299145298,1.153846154,0.06252894859900572,"{""source"": ""Sneak & Show"", ""target"": ""Storm"", ""value"":0.06252894859900572},","{""source"": ""Sneak & Show"", ""target"": ""Storm"", ""value"":0.003909869412897099},"
Sneak & Show,UR Delver,3.007692308,9.538461538,0.7602697731178452,"{""source"": ""Sneak & Show"", ""target"": ""UR Delver"", ""value"":0.7602697731178452},","{""source"": ""Sneak & Show"", ""target"": ""UR Delver"", ""value"":0.5780101279166597},"
Sneak & Show,UWx Control,9.79326923,5.951923077,0.3780152671970791,"{""source"": ""Sneak & Show"", ""target"": ""UWx Control"", ""value"":0.3780152671970791},","{""source"": ""Sneak & Show"", ""target"": ""UWx Control"", ""value"":0.14289554223407913},"
Stoneblade,UR Delver,10.2,5.2,0.3376623376623376,"{""source"": ""Stoneblade"", ""target"": ""UR Delver"", ""value"":0.3376623376623376},","{""source"": ""Stoneblade"", ""target"": ""UR Delver"", ""value"":0.1140158542755945},"
Stoneblade,UWx Control,1.6625,9.275,0.8479999999999999,"{""source"": ""Stoneblade"", ""target"": ""UWx Control"", ""value"":0.8479999999999999},","{""source"": ""Stoneblade"", ""target"": ""UWx Control"", ""value"":0.7191039999999997},"
Storm,UR Delver,16.7,1.111111111,0.06238303180949709,"{""source"": ""Storm"", ""target"": ""UR Delver"", ""value"":0.06238303180949709},","{""source"": ""Storm"", ""target"": ""UR Delver"", ""value"":0.003891642657744726},"
Storm,Zombie Bombardment,9.777777778,2.222222222,0.18518518516666668,"{""source"": ""Storm"", ""target"": ""Zombie Bombardment"", ""value"":0.18518518516666668},","{""source"": ""Storm"", ""target"": ""Zombie Bombardment"", ""value"":0.034293552805212624},"
UR Delver,UWx Control,9.3875,5.8125,0.38240131578947373,"{""source"": ""UR Delver"", ""target"": ""UWx Control"", ""value"":0.38240131578947373},","{""source"": ""UR Delver"", ""target"": ""UWx Control"", ""value"":0.1462307663175208},"
